{
  "Kidsdata": [
    {
      "name": "doctor costume for kids",
      "prodimg": "../../../assets/img/3.jpg",
      "price": "200"
    },

    {
      "name": "Batman costume for kids",
      "prodimg": "../../../assets/img/3.jpg",
      "price": "200"
    },

    {
      "name": "police costume for kids",
      "prodimg": "../../../assets/img/3.jpg",
      "price": "200"
    },

    {
      "name": "magician costume for kids",
      "prodimg": "../../../assets/img/3.jpg",
      "price": "200"
    },

    {
      "name": "ninja costume for kids",
      "prodimg": "../../../assets/img/3.jpg",
      "price": "200"
    },

    {
      "name": "Pirate Toddler Costume",
      "prodimg": "../../../assets/img/3.jpg",
      "price": "200"
    },

    {
      "name": "lion costume for kids",
      "prodimg": "../../../assets/img/3.jpg",
      "price": "200"
    },

    {
      "name": "Best princess costume for kids",
      "prodimg": "../../../assets/img/3.jpg",
      "price": "200"
    },

    {
      "name": "puppy costume for kids",
      "prodimg": "../../../assets/img/3.jpg",
      "price": "200"
    },

    {
      "name": "sumo-wrestler costume for kids",
      "prodimg": "../../../assets/img/3.jpg",
      "price": "200"
    },

    {
      "name": "magician costume for kids",
      "prodimg": "../../../assets/img/3.jpg",
      "price": "200"
    },

    {
      "name": "Worker Role Play Costume",
      "prodimg": "../../../assets/img/3.jpg",
      "price": "200"
    },

    {
      "name": "Harry Potter costume for kids",
      "prodimg": "../../../assets/img/3.jpg",
      "price": "200"
    }
  ]
}
